Date,Time,Text,Day,Type
05/15/2026,09:00,"Most self-improvement advice assumes you're neurotypical, fully-abled, and running on 8 hours of sleep.

What if you're not?

Omega Quant Authority was built for the rest of us — people who need systems that work WITH their brain, not against it.

7-day free trial. Link in bio.

#personaldevelopment #neurodivergent #systems #selfimprovement #disabilityawareness",1,Hook
05/16/2026,09:00,"The #1 reason your morning routine fails:

You copied someone else's.

Your brain, your energy, your limitations are YOURS. Your system should be too.

Inside OQA, Lesson 1 teaches you to build a Morning Command Protocol designed around YOUR reality.

Not a guru's. Yours.

#morningroutine #productivity #mentalhealth #operator",2,Value
05/17/2026,09:00,"This week's challenge inside Omega Quant Authority:

Track every major decision for 5 days. Log your energy state, time of day, and outcome.

By Friday, you see your patterns.

Our members are already posting Day 1 logs in the forum. Join them.

#decisionmaking #selfawareness #community #challenge",3,Community
05/18/2026,09:00,"What $47/mo gets you inside Omega Quant Authority:

✅ 15-lesson operator training course
✅ Live strategy forum with weekly challenges
✅ Command channel for real-time community
✅ Decision frameworks that actually work
✅ Energy management systems

Use code launch20 → $37.60 first month.

Link in bio.

#investing #inyourself #personalgrowth",4,CTA
05/19/2026,09:00,"You don't need more motivation.

You need a decision architecture.

Motivation is weather. Architecture is infrastructure.

One disappears. The other holds.

Lesson 4 of OQA: building decision systems that don't require willpower.

#motivation #discipline #systems #mentalhealth",5,Value
05/20/2026,09:00,"I have a hand deformity and arthritis.

I can't type fast. I can't film fancy videos. I can't hustle 16 hours a day.

So I built systems instead.

Omega Quant Authority is what happens when someone who CAN'T brute-force life decides to engineer it.

#disability #resilience #strength #entrepreneur",6,Hook
05/21/2026,09:00,"Our operators are tracking their energy this week:

Physical energy. Mental clarity. Emotional state.

Every 2 hours. For 5 days.

By Friday they'll know exactly WHEN they perform best — and stop wasting peak hours on low-value tasks.

This is what a real community looks like.

#energymanagement #productivity #biohacking",7,Value
05/22/2026,09:00,"3 types of decisions:

1. Reversible — decide fast, adjust later
2. Irreversible — slow down, gather data
3. Delegatable — remove yourself entirely

Most people treat all 3 the same. That's why they're exhausted.

Lesson 5 in OQA breaks this down with frameworks you'll use daily.

#decisionmaking #leadership #mentalmodels",8,Community
05/23/2026,09:00,"Still thinking about it?

The 7-day free trial means zero risk.

Start Chapter 1. Try the forum. Post in the command channel.

If it's not for you, cancel before day 7. No charge.

But if it clicks — you'll wonder why you waited.

Link in bio. Code: launch20

#freetrial #noexcuses #starttoday",9,CTA
05/24/2026,09:00,"Being a father changed how I think about systems.

Before kids: optimize for output.
After kids: optimize for presence.

OQA teaches you to build systems that protect your energy FOR the people who matter — not just for productivity.

#fatherhood #dadlife #presence #family #systems",10,Value
05/25/2026,09:00,"Your energy is not infinite. Stop acting like it is.

Lesson 7 of OQA: Energy Management Protocol

→ Map your daily energy curve
→ Match task difficulty to energy level
→ Build recovery into the system (not as an afterthought)

This alone is worth the entire course.

#energy #burnout #recovery #wellness",11,Hook
05/26/2026,09:00,"Inside the OQA forum this week: members are sharing their friction audits.

3 things that drain them daily. 3 specific fixes.

One member eliminated 45 minutes of wasted time just by reorganizing his morning.

Small systems → massive results.

Join us. 7-day free trial.

#community #accountability #systems",12,Value
05/27/2026,09:00,"ADHD doesn't mean you can't build systems.

It means you need DIFFERENT systems.

Ones with:
→ External triggers (not relying on memory)
→ Short feedback loops (dopamine-friendly)
→ Flexible structure (not rigid schedules)

OQA was designed with this in mind. Because I live it.

#adhd #neurodivergent #systems #mentalhealth",13,Community
05/28/2026,09:00,"Halfway through the month. What's changed?

If the answer is 'nothing' — that IS the answer.

Same inputs = same outputs.

OQA gives you new inputs:
📘 15 lessons
💬 Live community
🎯 Weekly challenges

$37.60 first month with code launch20.

Link in bio.

#change #action #noexcuses",14,CTA
05/29/2026,09:00,"Hustle culture sold you a lie:

'Work harder. Sleep less. Grind more.'

Reality: the highest performers PROTECT their energy.

They don't work more. They work in alignment with their biology.

That's what Omega Quant Authority teaches.

Anti-hustle. Pro-system.

#hustleculture #burnout #sustainability",15,Value
05/30/2026,09:00,"The After Action Review — used by the military, adapted for your life:

1. What was supposed to happen?
2. What actually happened?
3. Why the gap?
4. What changes?

Do this monthly. Your self-awareness will compound faster than any investment.

Lesson 13 in OQA teaches the full protocol.

#review #growth #military #discipline",16,Hook
05/31/2026,09:00,"Real talk.

I'm disabled. My hands don't work like yours. Arthritis makes every keystroke a negotiation.

I built Omega Quant Authority BECAUSE of that — not in spite of it.

When you can't brute-force life, you learn to engineer it.

Every lesson in OQA comes from someone who had to find a better way.

That's not weakness. That's the ultimate operator credential.

#disability #strength #resilience #myjourney",17,Value
06/01/2026,09:00,"Monday's forum challenge: Morning Command Protocol streak.

3 steps before touching your phone:
1. Set your intent for the day
2. 60 seconds of movement
3. Lock your top 3 priorities

Members are on day 3. Join the streak.

#morningroutine #challenge #community #consistency",18,Community
06/02/2026,09:00,"Flow state isn't luck. It's architecture.

You can engineer the conditions:
→ Remove distractions 30 min before deep work
→ Match the task to your energy peak
→ Set a clear single objective
→ Protect the session ruthlessly

Lesson 14 teaches flow state tracking and design.

#flowstate #deepwork #focus #performance",19,CTA
06/03/2026,09:00,"Your 3 options:

1. Keep doing what you're doing (same results)
2. Buy another book (read 20%, forget 80%)
3. Join a system with accountability (OQA)

Option 3 comes with a 7-day free trial.

Just saying.

Link in bio. Code: launch20

#choices #accountability #action",20,Value
06/04/2026,09:00,"Every system in OQA was tested on the hardest possible user first:

Me.

Disabled. Neurodivergent. Father. Limited energy.

If it works for me, it'll work for you.

That's not a marketing line. That's a design principle.

#design #accessibility #universal #systems",21,Hook
06/05/2026,09:00,"The Resilience Stack (from Lesson 10):

Layer 1: Physical — sleep, movement, nutrition basics
Layer 2: Cognitive — decision load management
Layer 3: Emotional — trigger mapping and response protocols
Layer 4: Social — energy-positive relationships

Resilience isn't toughness. It's layers.

#resilience #mentalhealth #layers #wellness",22,Value
06/06/2026,09:00,"Know someone who'd benefit from OQA?

Our member referral program pays 20% recurring commission.

Share your link → they get a structured system → you earn monthly.

Everyone wins. Link in your OQA dashboard.

#referral #community #winwin #passiveincome",23,Community
06/07/2026,09:00,"Stop managing time. Start managing energy.

Time is fixed: 24 hours.
Energy is variable: you control the inputs.

Sleep quality. Nutrition timing. Task sequencing. Recovery protocols.

This reframe alone changes everything.

Deep dive: OQA Lesson 7.

#timemanagement #energymanagement #paradigmshift",24,CTA
06/08/2026,09:00,"3 tiers. Pick your level:

🟢 Operator — $47/mo (7-day free trial)
Full course + forum + community

🔵 Strategic — $97/mo
Everything in Operator + priority access

🟣 Sovereign — $297/mo
Complete ecosystem access

Start with Operator. Upgrade when ready.

Code launch20 = 20% off month 1.

#pricing #value #tiers",25,Value
06/09/2026,09:00,"I didn't build OQA to get rich.

I built it because I needed it to exist.

And if it didn't exist for me — it didn't exist for people like me.

Now it does.

#purpose #mission #impact #disability",26,Hook
06/10/2026,09:00,"This week's forum thread is on fire.

Members sharing their Systems Inventory — rating every area of their operating system 1-10.

The lowest score becomes this week's project.

Accountability + community = results you can't get alone.

#community #accountability #systems #growth",27,Value
06/11/2026,09:00,"Lesson 15 is a knowledge check — but not a test.

It's a deployment plan.

You map every protocol you've learned onto YOUR specific life.

Morning routine. Decision framework. Energy system. Recovery protocol.

You leave with a custom operating manual.

That's the OQA difference.

#course #completion #deployment #action",28,Community
06/12/2026,09:00,"5 days left in the launch window.

What's been built:
✅ 15 lessons with real frameworks
✅ Forum with weekly challenges
✅ Community of operators building systems
✅ 30% affiliate program

Code launch20 won't last forever.

Link in bio.

#launch #limitedtime #action #noregrets",29,CTA
06/13/2026,09:00,"Day 30.

If you've been watching these posts for a month and haven't joined yet — what are you waiting for?

The free trial is still there.
The community is growing.
The course is waiting.

Your operating system won't build itself.

Link in bio. Let's go.

#day30 #finalcall #action #omega",30,Value
